"File","Algorithm","Hash"
"baseline_defender.txt","SHA256","C2EDC80AAF262CDA1247CEE29EF5D60B9FB81B769DBFDAFF171BEB4C35F9F16C"
"baseline_firewall.txt","SHA256","63422460F398A5848552423D9D47BE7DCFA852A2F1765D5FE2F5716726FB9A40"
"baseline_os.txt","SHA256","F8F0D5CF16DDABC0E7B23158A5BFA28A6F61BA1812099D39BAF14FC88FCD2564"
"ddos_sources.txt","SHA256","24E5D8450835390AF3D1D2515D13F7773CFCA6469FD627145D6BD6AD12CE84AC"
"local_load_test.txt","SHA256","B5FE62D0E5FE88EE57E3D7176F735F760630108EF72633C06CCC89FDDB9D8A7D"
"mail_sender_counts.txt","SHA256","E7FD8D985E5F9B042B92A2DA6E06077815242EE5293D38BD074AD5476AB0D24E"
"mail_volume.txt","SHA256","2AB9646BC50CE4D3326BA3B3A2F28583D23FA2E3E7B26A54081E06D8A3A5AD96"
"social_engineering_view.txt","SHA256","710D668FFE99852A7B4DF9CE70B8175F2D3A9C7585EF147A207F3A287241D661"
"start_time.txt","SHA256","946FBFD05B0C6936D45D181AF021EAB54DDB547B666DB40E9BF1E0222F81C474"
"th4_listener_pid.txt","SHA256","E88CEDB9966601B4657FC513E0877757D113657DE9DD98DAA504C61897B075C8"
"th5_http_request.txt","SHA256","0B0F58F5F836DF1BCF452C5F69D3B58641D416A8B108AB7B672C5C3DB0FC6DB8"
